metric,k,delta_type,delta_param,delta,p_tost,p_tost_holm,equivalent
nDCG@10,10,absolute,0.0100000000,0.0100000000,0.5487838171,0.5487838171,false
nDCG@25,25,absolute,0.0100000000,0.0100000000,0.1870187407,0.3740374813,false
nDCG@50,50,absolute,0.0100000000,0.0100000000,0.0226254494,0.0678763483,false
nDCG@100,100,absolute,0.0100000000,0.0100000000,0.0000343009,0.0001372035,true
nDCG@10,10,absolute,0.0200000000,0.0200000000,0.0841928584,0.0841928584,false
nDCG@25,25,absolute,0.0200000000,0.0200000000,0.0033522188,0.0067044375,true
nDCG@50,50,absolute,0.0200000000,0.0200000000,0.0000015205,0.0000045616,true
nDCG@100,100,absolute,0.0200000000,0.0200000000,4.4719229696671097e-13,1.7887691878668439e-12,true
nDCG@10,10,absolute,0.0300000000,0.0300000000,0.0026428363,0.0026428363,true
nDCG@25,25,absolute,0.0300000000,0.0300000000,0.0000085950,0.0000171900,true
nDCG@50,50,absolute,0.0300000000,0.0300000000,1.742044080395884e-11,0.0000000001,true
nDCG@100,100,absolute,0.0300000000,0.0300000000,5.814907702865154e-20,2.325963081146062e-19,true
nDCG@10,10,absolute,0.0500000000,0.0500000000,0.0000001339,0.0000001339,true
nDCG@25,25,absolute,0.0500000000,0.0500000000,1.0408334304400227e-11,2.0816668608800454e-11,true
nDCG@50,50,absolute,0.0500000000,0.0500000000,3.7697567383270315e-20,1.1309270214981093e-19,true
nDCG@100,100,absolute,0.0500000000,0.0500000000,5.591275277658894e-30,2.2365101110635577e-29,true
nDCG@10,10,relative,0.0250000000,0.0120948500,0.4229186143,0.4229186143,false
nDCG@25,25,relative,0.0250000000,0.0112123000,0.1316504345,0.2633008690,false
nDCG@50,50,relative,0.0250000000,0.0103194500,0.0179477584,0.0538432753,false
nDCG@100,100,relative,0.0250000000,0.0092382000,0.0001232717,0.0004930869,true
nDCG@10,10,relative,0.0500000000,0.0241897000,0.0236155755,0.0236155755,true
nDCG@25,25,relative,0.0500000000,0.0224246000,0.0009025584,0.0018051168,true
nDCG@50,50,relative,0.0500000000,0.0206389000,0.0000007428,0.0000022283,true
nDCG@100,100,relative,0.0500000000,0.0184764000,6.7012788136078255e-12,2.6805115254431302e-11,true
nDCG@10,10,relative,0.1000000000,0.0483794000,0.0000003201,0.0000003201,true
nDCG@25,25,relative,0.1000000000,0.0448492000,0.0000000003,0.0000000007,true
nDCG@50,50,relative,0.1000000000,0.0412778000,1.1977315863795823e-16,3.593194759138747e-16,true
nDCG@100,100,relative,0.1000000000,0.0369528000,6.341717775411628e-24,2.5366871101646512e-23,true
Recall@10,10,absolute,0.0100000000,0.0100000000,1.1990559896711286e-42,4.796223958684514e-42,true
Recall@25,25,absolute,0.0100000000,0.0100000000,1.809723394565126e-21,1.809723394565126e-21,true
Recall@50,50,absolute,0.0100000000,0.0100000000,4.015549136244615e-29,1.2046647408733844e-28,true
Recall@100,100,absolute,0.0100000000,0.0100000000,4.664543082692166e-22,9.329086165384332e-22,true
Recall@10,10,absolute,0.0200000000,0.0200000000,2.3237432591896684e-57,9.294973036758674e-57,true
Recall@25,25,absolute,0.0200000000,0.0200000000,1.76952885268211e-35,2.8338107183993004e-35,true
Recall@50,50,absolute,0.0200000000,0.0200000000,2.924909642590746e-43,8.774728927772237e-43,true
Recall@100,100,absolute,0.0200000000,0.0200000000,1.4169053591996502e-35,2.8338107183993004e-35,true
Recall@10,10,absolute,0.0300000000,0.0300000000,5.305666939191946e-66,2.1222667756767784e-65,true
Recall@25,25,absolute,0.0300000000,0.0300000000,4.714762243516909e-44,9.429524487033817e-44,true
Recall@50,50,absolute,0.0300000000,0.0300000000,8.974293885082632e-52,2.69228816552479e-51,true
Recall@100,100,absolute,0.0300000000,0.0300000000,5.821083459831843e-44,9.429524487033817e-44,true
Recall@10,10,absolute,0.0500000000,0.0500000000,6.832534921786456e-77,2.7330139687145825e-76,true
Recall@25,25,absolute,0.0500000000,0.0500000000,5.930334736110502e-55,1.1860669472221004e-54,true
Recall@50,50,absolute,0.0500000000,0.0500000000,1.3821251235017327e-62,4.146375370505198e-62,true
Recall@100,100,absolute,0.0500000000,0.0500000000,1.0436822142290308e-54,1.1860669472221004e-54,true
Recall@10,10,relative,0.0250000000,0.0002902000,0.2199504866,0.4399009732,false
Recall@25,25,relative,0.0250000000,0.0006282000,0.4500361886,0.4500361886,false
Recall@50,50,relative,0.0250000000,0.0011121000,0.0054091921,0.0162275762,true
Recall@100,100,relative,0.0250000000,0.0019050000,0.0014484034,0.0057936135,true
Recall@10,10,relative,0.0500000000,0.0005804000,0.0180538879,0.0361077759,true
Recall@25,25,relative,0.0500000000,0.0012564000,0.1189465762,0.1189465762,false
Recall@50,50,relative,0.0500000000,0.0022242000,0.0000012235,0.0000036705,true
Recall@100,100,relative,0.0500000000,0.0038100000,0.0000000396,0.0000001585,true
Recall@10,10,relative,0.1000000000,0.0011608000,0.0000053097,0.0000106194,true
Recall@25,25,relative,0.1000000000,0.0025128000,0.0008228183,0.0008228183,true
Recall@50,50,relative,0.1000000000,0.0044484000,1.0165847940696942e-14,3.049754382209082e-14,true
Recall@100,100,relative,0.1000000000,0.0076200000,2.4192646012421842e-17,9.677058404968737e-17,true
MRR@10,10,absolute,0.0100000000,0.0100000000,0.8031561146,1.0000000000,false
MRR@25,25,absolute,0.0100000000,0.0100000000,0.7784456725,1.0000000000,false
MRR@50,50,absolute,0.0100000000,0.0100000000,0.7784456725,1.0000000000,false
MRR@100,100,absolute,0.0100000000,0.0100000000,0.7825172462,1.0000000000,false
MRR@10,10,absolute,0.0200000000,0.0200000000,0.6047285836,1.0000000000,false
MRR@25,25,absolute,0.0200000000,0.0200000000,0.5694361505,1.0000000000,false
MRR@50,50,absolute,0.0200000000,0.0200000000,0.5694361505,1.0000000000,false
MRR@100,100,absolute,0.0200000000,0.0200000000,0.5748186970,1.0000000000,false
MRR@10,10,absolute,0.0300000000,0.0300000000,0.3727528339,1.0000000000,false
MRR@25,25,absolute,0.0300000000,0.0300000000,0.3376190049,1.0000000000,false
MRR@50,50,absolute,0.0300000000,0.0300000000,0.3376190049,1.0000000000,false
MRR@100,100,absolute,0.0300000000,0.0300000000,0.3425719204,1.0000000000,false
MRR@10,10,absolute,0.0500000000,0.0500000000,0.0683077169,0.2249427707,false
MRR@25,25,absolute,0.0500000000,0.0500000000,0.0562356927,0.2249427707,false
MRR@50,50,absolute,0.0500000000,0.0500000000,0.0562356927,0.2249427707,false
MRR@100,100,absolute,0.0500000000,0.0500000000,0.0576889066,0.2249427707,false
MRR@10,10,relative,0.0250000000,0.0161888500,0.6879772378,1.0000000000,false
MRR@25,25,relative,0.0250000000,0.0162662000,0.6541505898,1.0000000000,false
MRR@50,50,relative,0.0250000000,0.0162662000,0.6541505898,1.0000000000,false
MRR@100,100,relative,0.0250000000,0.0162662000,0.6592086730,1.0000000000,false
MRR@10,10,relative,0.0500000000,0.0323777000,0.3211011786,1.0000000000,false
MRR@25,25,relative,0.0500000000,0.0325324000,0.2847105093,1.0000000000,false
MRR@50,50,relative,0.0500000000,0.0325324000,0.2847105093,1.0000000000,false
MRR@100,100,relative,0.0500000000,0.0325324000,0.2892892793,1.0000000000,false
MRR@10,10,relative,0.1000000000,0.0647554000,0.0103936773,0.0303828916,true
MRR@25,25,relative,0.1000000000,0.0650648000,0.0075957229,0.0303828916,true
MRR@50,50,relative,0.1000000000,0.0650648000,0.0075957229,0.0303828916,true
MRR@100,100,relative,0.1000000000,0.0650648000,0.0078470541,0.0303828916,true
P@10,10,absolute,0.0100000000,0.0100000000,0.4018162658,0.4018162658,false
P@25,25,absolute,0.0100000000,0.0100000000,0.1277626420,0.2555252839,false
P@50,50,absolute,0.0100000000,0.0100000000,0.0075629424,0.0226888272,true
P@100,100,absolute,0.0100000000,0.0100000000,0.0000495596,0.0001982382,true
P@10,10,absolute,0.0200000000,0.0200000000,0.0700153093,0.0700153093,false
P@25,25,absolute,0.0200000000,0.0200000000,0.0052072235,0.0104144470,true
P@50,50,absolute,0.0200000000,0.0200000000,0.0000010420,0.0000031260,true
P@100,100,absolute,0.0200000000,0.0200000000,1.331374909119093e-11,0.0000000001,true
P@10,10,absolute,0.0300000000,0.0300000000,0.0041623990,0.0041623990,true
P@25,25,absolute,0.0300000000,0.0300000000,0.0000602789,0.0001205578,true
P@50,50,absolute,0.0300000000,0.0300000000,4.110696701478895e-11,0.0000000001,true
P@100,100,absolute,0.0300000000,0.0300000000,1.1665700706693233e-17,4.666280282677293e-17,true
P@10,10,absolute,0.0500000000,0.0500000000,0.0000016323,0.0000016323,true
P@25,25,absolute,0.0500000000,0.0500000000,0.0000000016,0.0000000032,true
P@50,50,absolute,0.0500000000,0.0500000000,5.26028107666464e-19,1.578084322999392e-18,true
P@100,100,absolute,0.0500000000,0.0500000000,6.146249955881127e-27,2.458499982352451e-26,true
P@10,10,relative,0.0250000000,0.0119000000,0.3140390510,0.3140390510,false
P@25,25,relative,0.0250000000,0.0107600000,0.1058311530,0.2116623061,false
P@50,50,relative,0.0250000000,0.0097700000,0.0089078023,0.0267234068,true
P@100,100,relative,0.0250000000,0.0086150000,0.0003284458,0.0013137834,true
P@10,10,relative,0.0500000000,0.0238000000,0.0269580932,0.0269580932,true
P@25,25,relative,0.0500000000,0.0215200000,0.0028287063,0.0056574126,true
P@50,50,relative,0.0500000000,0.0195400000,0.0000016472,0.0000049415,true
P@100,100,relative,0.0500000000,0.0172300000,0.0000000009,0.0000000036,true
P@10,10,relative,0.1000000000,0.0476000000,0.0000045907,0.0000045907,true
P@25,25,relative,0.1000000000,0.0430400000,0.0000000682,0.0000001364,true
P@50,50,relative,0.1000000000,0.0390800000,6.504486282046296e-15,1.9513458846138886e-14,true
P@100,100,relative,0.1000000000,0.0344600000,4.9442570338800965e-20,1.9777028135520386e-19,true
